epoch,train_loss,val_mean_dice,val_dice_RV,val_dice_MYO,val_dice_LV
1,1.950578945875168,0.11440513962491727,0.06420356397284195,0.09294599937275053,0.1860658555291593
2,1.5602179661393165,0.24539658523475127,0.19812745144590735,0.18159420602023602,0.35646809823811054
3,1.2926685497164727,0.3242392525076866,0.29247301183640956,0.24929045960307122,0.43095428608357905
4,1.0721055813133717,0.4013969489683708,0.37477983217686417,0.27592646051198244,0.5534845542162656
5,0.9112359374761582,0.47398104959477977,0.491154957562685,0.2868965556845069,0.6438916355371476
6,0.8047678582370281,0.5455385488768418,0.5894121546298265,0.3330558631569147,0.7141476288437844
7,0.7105684198439122,0.5639896788323918,0.5729846850037574,0.37960559595376253,0.7393787555396557
8,0.6406387589871884,0.6570919118821621,0.6617600977420807,0.5308506339788437,0.7786650039255619
9,0.5639122009277344,0.6949816331267357,0.6654711604118347,0.6063100710511208,0.8131636679172516
10,0.4955869197845459,0.7167241406937441,0.6792349278926849,0.6348418317735195,0.8360956624150276
11,0.446831426396966,0.7034387491643429,0.6724163629114628,0.6276858873665333,0.8102139972150326
12,0.4149253610521555,0.7311434507369995,0.6765684239566326,0.6626924209296703,0.8541695073246955
13,0.3657709199935198,0.7433595332006613,0.7013448871672153,0.6710186019539833,0.8577151104807854
14,0.332031911239028,0.7525883813699086,0.7089128360152245,0.6809864103794098,0.8678658977150917
15,0.3073869178071618,0.7573473633577427,0.7188864324241877,0.6870532810688019,0.8661023765802384
16,0.2913052007555962,0.7626852847635746,0.7209800690412521,0.695080428570509,0.8719953566789627
17,0.2713146643713117,0.7651694700121879,0.7297002784907818,0.6954809434711933,0.8703271880745888
18,0.2606801014393568,0.7702142977466185,0.7283617224544287,0.7088567450642586,0.8734244257211685
19,0.2402523525059223,0.7732185748716195,0.7432535983622074,0.705386258661747,0.8710158675909042
20,0.2261368500068784,0.7721115611493587,0.7414695248007774,0.697834824770689,0.8770303338766098
21,0.2192010186612606,0.7764723874628544,0.7479710564017296,0.7025726266205311,0.8788734793663024
22,0.2074127836152911,0.7797646346191566,0.7601389102637768,0.7176487192511558,0.8615062743425369
23,0.19783018361777066,0.7783432579288879,0.7579907733947039,0.7086544021964073,0.8683845981955528
24,0.19074414242058993,0.7811082815130552,0.7512858152389527,0.7101428180932998,0.881896211206913
25,0.1793264586478472,0.785975132137537,0.7535372853279114,0.7186451397836209,0.8857429713010788
26,0.17525023706257342,0.7884297000865141,0.7647512897849083,0.7133160151541234,0.8872217953205108
27,0.16925586201250553,0.784666434302926,0.7519670430570841,0.7245767064392566,0.8774555534124374
28,0.16975187221542,0.7872511309261123,0.7461252620443701,0.7282346755266189,0.8873934552073479
29,0.15936377681791783,0.7869458120316267,0.7509621318429709,0.7303367741405964,0.8795385301113129
30,0.14966588811948894,0.7949204713106155,0.7666343845427036,0.7309439741075039,0.8871830552816391
31,0.1451931491494179,0.7878347601741552,0.757055451348424,0.7211186811327934,0.8853301480412483
32,0.14193043932318689,0.7934682698299488,0.7662762042135001,0.7304310344159604,0.8836975708603859
33,0.1367707117460668,0.7989721745252609,0.7722422271966934,0.7316803351044655,0.8929939612746238
34,0.1345924268476665,0.7917010227839152,0.7529855780303478,0.7305728144943714,0.8915446758270263
35,0.1321641826070845,0.7991728715598583,0.7685553267598152,0.7356072001159191,0.8933560878038407
36,0.12711574975401163,0.798494105041027,0.7725286729633808,0.7320783101022243,0.890875332057476
37,0.12398723103106021,0.8007941549022993,0.769531762599945,0.7389112919569015,0.8939394101500511
38,0.12261859364807606,0.7978717119743427,0.7687507528811693,0.7348958849906921,0.8899684980511665
39,0.12058993419632316,0.8001494054992992,0.7662964560091495,0.742187375575304,0.8919643849134445
40,0.11841496555134653,0.8017893490691979,0.7730916626751423,0.7385329216718673,0.8937434628605843
41,0.11500723799690604,0.8016815515855947,0.7727022767066956,0.7417661614716053,0.8905762165784836
42,0.11434054039418698,0.8004657482107479,0.7759474143385887,0.734299011528492,0.8911508187651634
43,0.11099523575976492,0.7983916287620862,0.7719236463308334,0.7322415500879288,0.8910096898674965
44,0.11009352877736092,0.8007742856939633,0.7781075164675713,0.7352730304002761,0.8889423102140427
45,0.1113477629609406,0.8009948067367076,0.7678254634141922,0.7405367456376553,0.8946222111582756
46,0.11048523224890232,0.8009935004015765,0.7777021490037441,0.740381284058094,0.8848970681428909
47,0.10554272532463074,0.7966956933339437,0.7715533204376698,0.7305037684738636,0.8880299910902977
48,0.10323145082220435,0.8027645533283552,0.7821983203291893,0.7354422822594643,0.8906530573964119
49,0.10163899641484023,0.7962222217271725,0.7728258553892374,0.7276289306581021,0.8882118791341782
50,0.10150572378188372,0.8044914205869039,0.7772433117032052,0.7409704521298408,0.8952604979276657
51,0.10009202053770423,0.8047750627001126,0.7739694774150848,0.7425626069307327,0.8977931037545204
52,0.09821643494069576,0.7993763243158659,0.7733988769352436,0.7364043317735195,0.8883257642388344
53,0.09715925874188543,0.8044741045683622,0.7767664071172475,0.7425441674888134,0.8941117390990257
54,0.09583028377965093,0.7967635651429494,0.7745985560119152,0.7310391388833523,0.8846530005335808
55,0.09749852800741791,0.7970377457638582,0.7669803544878959,0.7362401403486729,0.8878927424550056
56,0.09953547837212681,0.8024008875091871,0.7729684390127659,0.7438468970358372,0.8903873264789581
57,0.09733970686793328,0.8014858720203242,0.7711576856672764,0.739799253642559,0.8935006767511368
58,0.09222587626427411,0.797607816879948,0.7688009280711412,0.7344619899988174,0.8895605325698852
59,0.09011985622346401,0.8041250949104628,0.7765164740383625,0.7423169977962971,0.8935418128967285
60,0.08710546782240272,0.8050796639174223,0.7773074720054864,0.7436181157827377,0.8943134039640427
61,0.08602302828803658,0.8039491129418215,0.7783333495259285,0.7406405873596669,0.892873401939869
62,0.08338055647909641,0.8051661424338817,0.7805679745972156,0.7428240180015564,0.8921064347028732
63,0.08370385076850653,0.802516639729341,0.7764232687652111,0.7405390955507756,0.890587554872036
64,0.08241672446019947,0.8051532675822577,0.7794081345200539,0.7427995845675468,0.8932520836591721
65,0.08372432608157396,0.8031497134516636,0.7795201759785414,0.7390614911913872,0.8908674731850624
66,0.08360099913552403,0.8044246116032203,0.7782543759793044,0.7429853320121765,0.8920341268181801
67,0.08059183461591601,0.8061631550391514,0.7789559669792652,0.7435217954218387,0.8960117027163506
68,0.07919658063910902,0.8024318262934684,0.7797741733491421,0.7412006758153439,0.8863206297159195
69,0.07891349191777408,0.8050194817284744,0.7820605032145977,0.7403940543532371,0.892603887617588
70,0.07871809117496013,0.8030843414366245,0.7819776080548764,0.7366854265332222,0.890589989721775
71,0.08022420490160584,0.8021340804795424,0.7763899952173233,0.7401298142969608,0.8898824319243431
72,0.07914163609966636,0.8057638173302015,0.7789794571697712,0.7432101525366306,0.8951018422842025
73,0.07918130774050951,0.7991621861855188,0.7700070790946484,0.7357727073132991,0.8917067721486092
74,0.0772319461684674,0.806667548418045,0.7793565794825554,0.7457588732242584,0.8948871925473213
75,0.07555839428678154,0.803511269390583,0.7787685185670853,0.7399712383747101,0.8917940512299538
76,0.07591230403631925,0.8063195670644443,0.7802460648119449,0.7437418527901173,0.8949707835912705
77,0.07396673038601875,0.802138912429412,0.7697801135480404,0.7426146760582923,0.8940219476819038
78,0.07230398044921457,0.8038870165745419,0.7735988758504391,0.7443349294364452,0.8937272444367409
79,0.07193414447829127,0.8052753364046416,0.7777939774096012,0.7443753950297832,0.89365663677454
80,0.07093373918905854,0.8015171272059283,0.7704936839640141,0.7413052007555961,0.8927524968981743
81,0.06913695503026247,0.8055491940428812,0.7762962061911821,0.7477354243397712,0.8926159515976906
82,0.06745652831159532,0.8062630989899237,0.7762021388858557,0.7483544379472733,0.8942327201366425
83,0.06621694704517722,0.8069659759600958,0.7845105111598969,0.7454669222235679,0.8909204944968223
84,0.0655879863537848,0.8040459784368675,0.7784934259951115,0.740361961722374,0.8932825475931168
85,0.06472171549685299,0.8037870923678081,0.7772887647151947,0.7435156628489494,0.8905568495392799
86,0.06583912051282823,0.8036431681364775,0.7757049355655908,0.7410965278744698,0.8941280409693718
87,0.06467191339470446,0.8076608346154291,0.7791543956845999,0.7479657299816609,0.895862378180027
88,0.06367665985599161,0.8046039017538231,0.776884737610817,0.7424850516021252,0.8944419160485267
89,0.06416547051630914,0.8072975857804219,0.7785677824169397,0.7476850636303425,0.8956399112939835
90,0.06239458355121315,0.8076697304844856,0.781779944896698,0.7460019797086715,0.8952272668480873
91,0.0603093484416604,0.806252139682571,0.7788783174008131,0.7424723386764527,0.8974057629704475
92,0.05945859826169908,0.8055613812059164,0.7746063280850649,0.7465359807014466,0.8955418348312378
93,0.06165488134138286,0.8033935098598401,0.7737360637634992,0.7440643787384034,0.8923800870776176
94,0.061507110856473445,0.8075097508728504,0.7827739611268043,0.7439911253750324,0.8957641661167145
95,0.06069516255520284,0.804491700604558,0.774104529991746,0.7431040145456791,0.8962665572762489
96,0.05833692057058215,0.8061163142323494,0.7757398091256619,0.7496418692171574,0.892967264354229
97,0.057958097429946065,0.8022462675968807,0.77975232899189,0.7354335248470306,0.8915529489517212
98,0.05742184123955667,0.8047476219634214,0.7762716025114059,0.7422128997743129,0.8957583636045456
99,0.05656900075264275,0.8053650602698326,0.7757202051579952,0.7461935587227344,0.8941814169287682
100,0.05585657344199717,0.8052917311588923,0.7817195527255535,0.7396715991199017,0.8944840416312217
101,0.055153231509029864,0.8034206320842106,0.7763061992824077,0.7421883501112461,0.8917673468589783
102,0.05420216070488095,0.8081214502453804,0.7828371666371823,0.7476974315941334,0.8938297525048255
103,0.054082111641764644,0.8071060235301653,0.7814766630530358,0.7445445954799652,0.8952968120574951
104,0.05297269644215703,0.804500087350607,0.7726336263120175,0.7469190195202827,0.8939476162195206
105,0.05180925661697984,0.808338041479389,0.7834784332662821,0.7456675879657269,0.8958681032061577
106,0.0516342407092452,0.8037064670274654,0.7717095050960779,0.7447110019624233,0.8946988940238952
107,0.05287022031843662,0.8032534375786782,0.7736976444721222,0.742007763683796,0.8940549045801163
108,0.05224599316716194,0.8054731762657564,0.7768548276275397,0.7449606560170651,0.8946040451526642
109,0.05157472188584507,0.8080568647632995,0.7807156395167112,0.7481340520083904,0.8953209027647973
110,0.050014294451102614,0.8043483721713225,0.7725515484809875,0.7466472141444683,0.8938463538885116
111,0.04893780732527375,0.8068895498911539,0.7815284684300423,0.7451600462198258,0.8939801350235939
112,0.048208879539743066,0.8074111824234327,0.7797452971339226,0.7469043835997582,0.8955838665366173
113,0.04871348207816482,0.8034371117750805,0.7734478160738945,0.7438816502690315,0.892981868982315
114,0.04841161924414337,0.8031072882314524,0.7780328758060933,0.7395263999700546,0.891762588918209
115,0.04915141449309886,0.807811171313127,0.7798842824995518,0.7475302256643772,0.8960190057754517
116,0.048778811329975726,0.8077755724390349,0.7784493558108807,0.7502146773040295,0.8946626842021942
117,0.04803984835743904,0.8060351030280192,0.7795541558414698,0.7457998469471931,0.8927513062953949
118,0.0474166396073997,0.8045002321402231,0.7771304659545422,0.7454813338816166,0.8908888965845108
119,0.049314086744561794,0.8051978410532076,0.7781451653689146,0.7422125495970249,0.8952358081936836
120,0.04960632747970521,0.8078551981598139,0.7792070854455233,0.7501244880259037,0.8942340210080146
121,0.04791744793765247,0.8052252796789011,0.777470238506794,0.7438666917383671,0.8943389087915421
122,0.04842300275340676,0.8044146362692117,0.7746357593685389,0.7455324955284596,0.8930756539106369
123,0.04584976248443127,0.8050532300025225,0.7766527850180864,0.744425255805254,0.894081649184227
124,0.04402384334243834,0.8051027378688257,0.7761327501386404,0.745726739615202,0.8934487238526344
125,0.042394265066832304,0.8077435586601496,0.7820271726697683,0.7469258442521095,0.8942776590585708
126,0.041436972888186575,0.8055973045527935,0.7789156921207905,0.7445387601852417,0.8933374613523484
127,0.04123502855654806,0.8069073181599379,0.7810439374297857,0.7458413042128086,0.8938367128372192
128,0.04204546930268407,0.8068895433098078,0.7768117498606444,0.749793715775013,0.894063164293766
129,0.042798074800521134,0.8056562832246223,0.7761305231601,0.7459316059947014,0.8949067205190658
130,0.041550596989691255,0.8049997744460902,0.7771190665662289,0.74453734010458,0.8933429166674614
131,0.04114231574349105,0.8039181742817163,0.7757575917989016,0.743192758411169,0.8928041726350784
132,0.040970920538529756,0.8053880251944066,0.7760166727006436,0.7452706426382065,0.8948767602443695
133,0.04145064945332706,0.8048636014262837,0.7766858845949173,0.744089387357235,0.8938155323266983
134,0.04119730871170759,0.8040738787502051,0.7770989160984755,0.7426873080432415,0.8924354121088982
135,0.04025664313230663,0.806427059074243,0.778980877995491,0.7451551362872124,0.8951451629400253
136,0.040360489208251235,0.8051907472312451,0.7755988612771034,0.7461171232163906,0.8938562572002411
137,0.03998281862586737,0.8062213665495317,0.7792848344892264,0.7457734428346157,0.8936058223247528
138,0.03974670735187828,0.8048824670414131,0.7737804315984249,0.7473477765917778,0.8935191929340363
139,0.0399901841301471,0.8067471000055472,0.7790604755282402,0.7460284434258938,0.8951523810625076
140,0.03928079828619957,0.8036848860482374,0.7727851241827011,0.744443380087614,0.8938261538743972
141,0.04023576276376843,0.8053527310490608,0.7709753468632699,0.74840676933527,0.8966760769486427
142,0.03982514280360192,0.8055039148777723,0.7755230102688074,0.7465667843818664,0.8944219499826431
143,0.03921510530635715,0.805465941503644,0.7775887716561556,0.7444868184626102,0.8943222343921662
144,0.03756347720045596,0.8051756497472524,0.7766707833856344,0.7462875865399837,0.8925685793161392
145,0.03814603164792061,0.806435657540957,0.7771669790148735,0.7460333004593849,0.896106693148613
146,0.037777917087078096,0.8061680300782126,0.7770373325794935,0.7459505409002304,0.8955162167549133
147,0.03746378486976028,0.806504909818371,0.7764848414808512,0.7462022766470909,0.8968276113271714
148,0.036301910900510846,0.8077579545478025,0.7794183976948261,0.74883374273777,0.8950217232108116
149,0.035611126525327566,0.8050274490068358,0.7781433623284102,0.7454936817288399,0.8914453029632569
150,0.03564389010425657,0.8054702758789063,0.7782420106232166,0.7453563399612904,0.8928124770522118
